2/21/2021 22:24,2/20/2021,Apples,,Food,1,5,2,Public Market,Goleta CA,Oliver,2,2021,44247 Public Market Goleta CA,2
2/21/2021 22:24,2/21/2021,Sweet potato,,Food,1,4,2,Public Market,Goleta CA,Oliver,2,2021,44248 Public Market Goleta CA,3
2/21/2021 22:24,2/22/2021,Eggs,,Food,1,4.5,2,Public Market,Goleta CA,Oliver,2,2021,44249 Public Market Goleta CA,4
2/21/2021 22:39,2/21/2021,Eggs,,Food,1,3.99,0,Sprouts,Goleta CA,,2,2021,44248 Sprouts Goleta CA,5
2/21/2021 19:53,2/21/2021,Pepper,Anaheim,Food,1,0.47,0,Sprouts,Goleta CA,,2,2021,44248 Sprouts Goleta CA,6
2/21/2021 19:54,2/21/2021,Guacamole,,Food,1,3.99,0,Sprouts,Goleta CA,,2,2021,44248 Sprouts Goleta CA,7
2/21/2021 19:56,2/21/2021,Apples,,Food,0,5.95,0,Sprouts,Goleta CA,,2,2021,44248 Sprouts Goleta CA,8
2/21/2021 19:57,2/21/2021,Mandarins,,Food,1,4.49,0,Sprouts,Goleta CA,,2,2021,44248 Sprouts Goleta CA,9
2/21/2021 19:57,2/21/2021,Chocolate,,Food,0,2.5,0,Sprouts,Goleta CA,,2,2021,44248 Sprouts Goleta CA,10
2/21/2021 19:58,2/21/2021,Chocolate,,Food,0,2.5,0,Sprouts,Goleta CA,,2,2021,44248 Sprouts Goleta CA,11
2/21/2021 19:58,2/21/2021,Farmers cheese,,Food,1,5.99,0,Sprouts,Goleta CA,,2,2021,44248 Sprouts Goleta CA,12
2/21/2021 20:48,2/17/2021,Apples,Golden delicious,Food,1,5.57,0,European Deli,Santa Barbara CA,,2,2021,44244 European Deli Santa Barbara CA,13
2/21/2021 20:49,2/17/2021,Apples,,Food,1,4.98,0,European Deli,Santa Barbara CA,,2,2021,44244 European Deli Santa Barbara CA,14
2/21/2021 20:50,2/17/2021,Biscuits,Ulker,Food,1,4.99,0,European Deli,Santa Barbara CA,,2,2021,44244 European Deli Santa Barbara CA,15
2/21/2021 20:51,2/17/2021,Chocolate,Milka,Food,1,1.99,0,European Deli,Santa Barbara CA,,2,2021,44244 European Deli Santa Barbara CA,16
2/21/2021 20:51,2/17/2021,Chocolate,Prince Polo,Food,1,0.69,0,European Deli,Santa Barbara CA,,2,2021,44244 European Deli Santa Barbara CA,17
2/21/2021 20:51,2/17/2021,Chocolate,Prince Polo,Food,1,0.69,0,European Deli,Santa Barbara CA,,2,2021,44244 European Deli Santa Barbara CA,18
2/21/2021 20:57,2/13/2021,Furniture Gripper Pads,,Household,1,8.99,0,Bed Bath and Beyond,Goleta CA,,2,2021,44240 Bed Bath and Beyond Goleta CA,19
2/21/2021 20:57,2/12/2021,Sales Tax,,Tax,1,0.7,0,Bed Bath and Beyond,Goleta CA,,2,2021,44239 Bed Bath and Beyond Goleta CA,20
2/21/2021 21:02,2/8/2021,Pants,,Clothes,1,3.99,0,Ross,Santa Barbara CA,Oliver,2,2021,44235 Ross Santa Barbara CA,21
2/21/2021 21:03,2/8/2021,Pijamas,,Clothes,1,3.99,0,Ross,Santa Barbara CA,Oliver,2,2021,44235 Ross Santa Barbara CA,22
2/21/2021 21:03,2/8/2021,Body,,Clothes,1,5.99,0,Ross,Santa Barbara CA,Oliver,2,2021,44235 Ross Santa Barbara CA,23
2/21/2021 21:04,2/8/2021,Bag,,Other,0,0.1,0,Ross,Santa Barbara CA,,2,2021,44235 Ross Santa Barbara CA,24
2/21/2021 21:04,2/8/2021,Sales Tax,,Tax,1,1.22,0,Ross,Santa Barbara CA,Oliver,2,2021,44235 Ross Santa Barbara CA,25
2/21/2021 21:10,2/11/2021,Mustard,Dijon,Food,1,0.99,0,Grocery Outlet,Santa Barbara CA,,2,2021,44238 Grocery Outlet Santa Barbara CA,26
2/21/2021 21:11,2/11/2021,Pears,,Food,1,3.99,0,Grocery Outlet,Santa Barbara CA,,2,2021,44238 Grocery Outlet Santa Barbara CA,27
2/21/2021 21:11,2/11/2021,Bag,,Other,0,0.15,0,Grocery Outlet,Santa Barbara CA,,2,2021,44238 Grocery Outlet Santa Barbara CA,28
2/21/2021 21:12,2/11/2021,Candies,Halls,Food,1,0.99,0,Grocery Outlet,Santa Barbara CA,,2,2021,44238 Grocery Outlet Santa Barbara CA,29
2/21/2021 21:13,2/11/2021,Eggs,Valley Organic,Food,1,5.99,0,Grocery Outlet,Santa Barbara CA,,2,2021,44238 Grocery Outlet Santa Barbara CA,30
2/21/2021 21:13,2/11/2021,Sales Tax,,Tax,1,0.09,0,Grocery Outlet,Santa Barbara CA,,2,2021,44238 Grocery Outlet Santa Barbara CA,31
2/21/2021 21:18,2/13/2021,Peppers,Green Bell Peppers,Food,1,1.58,0,Sprouts,Goleta CA,,2,2021,44240 Sprouts Goleta CA,32
2/21/2021 21:18,2/13/2021,Squash,Italian Squash,Food,1,1.87,0,Sprouts,Goleta CA,,2,2021,44240 Sprouts Goleta CA,33
2/21/2021 21:19,2/13/2021,Carrots,Baby Carrots,Food,1,3.49,0,Sprouts,Goleta CA,,2,2021,44240 Sprouts Goleta CA,34
2/21/2021 21:19,2/13/2021,Rice,White Rice,Food,1,1.55,0,Sprouts,Goleta CA,,2,2021,44240 Sprouts Goleta CA,35
2/21/2021 21:19,2/13/2021,Rice,Brown Rice,Food,1,1.5,0,Sprouts,Goleta CA,,2,2021,44240 Sprouts Goleta CA,36
2/21/2021 21:20,2/13/2021,Couscous,Wheat Couscous,Food,1,2.14,0,Sprouts,Goleta CA,,2,2021,44240 Sprouts Goleta CA,37
2/21/2021 21:23,2/14/2021,Quesadilla,,Going Out,1,12.25,0,Freebirds,Goleta CA,,2,2021,44241 Freebirds Goleta CA,38
2/21/2021 21:23,2/14/2021,Quacamole,,Going Out,1,5.5,0,Freebirds,Goleta CA,,2,2021,44241 Freebirds Goleta CA,39
2/21/2021 21:24,2/14/2021,Tacos,,Going Out,1,10.45,0,Freebirds,Goleta CA,,2,2021,44241 Freebirds Goleta CA,40
2/21/2021 21:24,2/14/2021,Sales Tax,,Tax,1,2.19,0,Freebirds,Goleta CA,,2,2021,44241 Freebirds Goleta CA,41
2/21/2021 21:27,2/13/2021,Ice Cream,Haagen Dans,Food,0,3.99,0,Target,Goleta CA,,2,2021,44240 Target Goleta CA,42
2/21/2021 21:27,2/13/2021,Detergent,Dreft,Hygiene,1,18.89,0,Target,Goleta CA,,2,2021,44240 Target Goleta CA,43
2/21/2021 21:28,2/13/2021,Sales Tax,,Tax,1,1.46,0,Target,Goleta CA,,2,2021,44240 Target Goleta CA,44
2/21/2021 21:31,2/19/2021,5.702,,Gas,1,18.93,0,Arco,Santa Barbara CA,,2,2021,44246 Arco Santa Barbara CA,45
2/21/2021 21:33,2/14/2021,Parking,,Parking,1,3,0,UCSB,Goleta CA,,2,2021,44241 UCSB Goleta CA,46
2/21/2021 21:34,2/10/2021,Shipping,USPS,Gift,1,25.5,0,USPS,Goleta CA,Tara,2,2021,44237 USPS Goleta CA,47
2/21/2021 21:36,2/9/2021,Bag,,Gift,1,7.99,0,Ross,Goleta CA,Tara,2,2021,44236 Ross Goleta CA,48
2/21/2021 21:37,2/9/2021,Chocolate Truffles,Lindt,Food,0,3.49,0,Ross,Goleta CA,,2,2021,44236 Ross Goleta CA,49
2/21/2021 21:37,2/9/2021,T-shirt,,Gift,1,6.99,0,Ross,Goleta CA,Tara,2,2021,44236 Ross Goleta CA,50
2/21/2021 21:38,2/9/2021,Sales Tax,,Tax,1,1.16,0,Ross,Goleta CA,Tara,2,2021,44236 Ross Goleta CA,51
2/21/2021 21:41,2/9/2021,Mailer Envelope,,Gift,1,2.99,0,Staples,Goleta CA,Tara,2,2021,44236 Staples Goleta CA,52
2/21/2021 21:41,2/9/2021,Mailer Envelope,,Gift,1,2.99,0,Staples,Goleta CA,Lawrence and Philippe,2,2021,44236 Staples Goleta CA,53
2/21/2021 21:41,2/9/2021,Sales Tax,,Tax,1,0.46,0,Staples,Goleta CA,,2,2021,44236 Staples Goleta CA,54
2/21/2021 21:45,2/9/2021,Birthday Card,,Gift,1,4.99,0,Target,Goleta CA,Tara,2,2021,44236 Target Goleta CA,55
2/21/2021 21:45,2/9/2021,Wrapping paper,,Gift,1,3.5,0,Target,Goleta CA,Tara,2,2021,44236 Target Goleta CA,56
2/21/2021 21:46,2/9/2021,Sales Tax,,Tax,1,0.66,0,Target,Goleta CA,,2,2021,44236 Target Goleta CA,57
2/21/2021 21:48,1/24/2021,9.094,,Gas,1,30,2,76 Gas Stop,Goleta CA,,1,2021,44220 76 Gas Stop Goleta CA,58
2/21/2021 21:49,2/8/2021,Pasteta,Argeta,Food,1,2.99,0,European Deli,Santa Barbara CA,,2,2021,44235 European Deli Santa Barbara CA,59
2/21/2021 21:49,2/8/2021,Pasteta,Argeta,Food,1,2.99,0,European Deli,Santa Barbara CA,,2,2021,44235 European Deli Santa Barbara CA,60
2/21/2021 21:49,2/8/2021,Pasteta,Argeta,Food,1,2.99,0,European Deli,Santa Barbara CA,,2,2021,44235 European Deli Santa Barbara CA,61
2/21/2021 21:50,2/8/2021,Wheat,,Food,1,2.99,0,European Deli,Santa Barbara CA,,2,2021,44235 European Deli Santa Barbara CA,62
2/21/2021 21:51,2/8/2021,Biscuits,Ulker,Food,1,4.99,0,European Deli,Santa Barbara CA,,2,2021,44235 European Deli Santa Barbara CA,63
2/21/2021 21:51,2/8/2021,Bag,,Other,0,0.1,0,European Deli,Santa Barbara CA,,2,2021,44235 European Deli Santa Barbara CA,64
2/21/2021 21:52,2/8/2021,Apples,Golden delicious,Food,1,7.42,0,European Deli,Santa Barbara CA,,2,2021,44235 European Deli Santa Barbara CA,65
2/21/2021 21:55,2/7/2021,Chocolate,,Food,0,2.49,0,Aldi,Oxnard CA,,2,2021,44234 Aldi Oxnard CA,66
2/21/2021 21:56,2/7/2021,Water,Dasani,Food,0,1.68,0,Aldi,Oxnard CA,,2,2021,44234 Aldi Oxnard CA,67
2/21/2021 21:56,2/7/2021,Bottle Deposit,,Deposit,0,0.05,0,Aldi,Oxnard CA,,2,2021,44234 Aldi Oxnard CA,68
2/21/2021 21:58,2/7/2021,11.852,,Gas,1,39.1,0,World Oil,Goleta CA,,2,2021,44234 World Oil Goleta CA,69
2/21/2021 22:00,2/5/2021,Flowers,Cyclamen,Gift,1,9.99,0,Ralphs,Goleta CA,Lisa,2,2021,44232 Ralphs Goleta CA,70
2/21/2021 22:00,2/5/2021,Chocolate Truffles,Ferrero Rocher,Gift,1,3.99,0,Ralphs,Goleta CA,Lisa,2,2021,44232 Ralphs Goleta CA,71
2/21/2021 22:01,2/5/2021,Sales Tax,,Tax,1,0.77,0,Ralphs,Goleta CA,,2,2021,44232 Ralphs Goleta CA,72
2/21/2021 22:05,2/7/2021,Deodorant,Tom's,Hygiene,1,5.97,0,Walmart,Oxnard CA,,2,2021,44234 Walmart Oxnard CA,73
2/21/2021 22:06,2/7/2021,Toy,Lego,Gift,1,30,0,Walmart,Oxnard CA,Tara,2,2021,44234 Walmart Oxnard CA,74
2/21/2021 22:07,2/7/2021,Socks,,Clothes,1,7.97,0,Walmart,Oxnard CA,,2,2021,44234 Walmart Oxnard CA,75
2/21/2021 22:07,2/7/2021,Fitness Bar,,Fitness,1,29.47,0,Walmart,Oxnard CA,,2,2021,44234 Walmart Oxnard CA,76
2/21/2021 22:07,2/7/2021,Sales Tax,,Tax,1,5.69,0,Walmart,Oxnard CA,,2,2021,44234 Walmart Oxnard CA,77
2/21/2021 22:11,2/2/2021,Nail clippers,Tweezerman,Hygiene,1,4.5,1,Tweezerman,Online,Oliver,2,2021,44229 Tweezerman Online,78
2/21/2021 22:11,2/2/2021,Sales Tax,,Tax,1,0.35,1,Tweezerman,Online,,2,2021,44229 Tweezerman Online,79
2/21/2021 22:14,1/23/2021,Biscuits,Milenka,Food,1,2.29,2,European Deli,Santa Barbara CA,,1,2021,44219 European Deli Santa Barbara CA,80
2/21/2021 22:15,2/7/2021,Juice,,Food,1,15.96,0,Albertsons,Goleta CA,Oliver,2,2021,44234 Albertsons Goleta CA,81
2/21/2021 22:16,2/7/2021,Bottle Deposit,,Deposit,1,0.8,0,Albertsons,Goleta CA,,2,2021,44234 Albertsons Goleta CA,82
2/22/2021 20:16,1/31/2021,Extension 1/4 Driver,Duralast,Car,0,8.99,0,AutoZone,Goleta CA,,1,2021,44227 AutoZone Goleta CA,83
2/22/2021 20:17,1/31/2021,Sales Tax,,Tax,0,0.7,0,AutoZone,Goleta CA,,1,2021,44227 AutoZone Goleta CA,84
2/22/2021 20:22,1/18/2021,Water,Arrowhead,Food,0,1.19,0,Vons,Santa Barbara CA,,1,2021,44214 Vons Santa Barbara CA,85
2/22/2021 20:22,1/18/2021,Bottle Deposit,,Deposit,0,0.1,0,Vons,Santa Barbara CA,,1,2021,44214 Vons Santa Barbara CA,86
2/22/2021 20:24,2/7/2021,Potatoes,Baker,Food,1,6.49,0,Costco,Goleta CA,,2,2021,44234 Costco Goleta CA,87
2/22/2021 20:25,2/7/2021,Olives,,Food,1,7.79,0,Costco,Goleta CA,,2,2021,44234 Costco Goleta CA,88
2/22/2021 20:25,2/7/2021,Milk,Kirkland,Food,1,10.99,0,Costco,Goleta CA,,2,2021,44234 Costco Goleta CA,89
2/22/2021 20:25,2/7/2021,Spinach,,Food,1,4.49,0,Costco,Goleta CA,,2,2021,44234 Costco Goleta CA,90
2/22/2021 20:26,2/7/2021,Prosciutto,DiParma,Food,1,12.49,0,Costco,Goleta CA,,2,2021,44234 Costco Goleta CA,91
2/22/2021 20:27,2/7/2021,Bread,Artisan rolls,Food,1,5.99,0,Costco,Goleta CA,,2,2021,44234 Costco Goleta CA,92
2/22/2021 20:28,2/7/2021,Bananas,Organic,Food,1,1.99,0,Costco,Goleta CA,,2,2021,44234 Costco Goleta CA,93
2/22/2021 20:28,2/7/2021,Cheese,Feta,Food,1,6.99,0,Costco,Goleta CA,,2,2021,44234 Costco Goleta CA,94
2/22/2021 20:29,2/7/2021,Formula,Enfamil,Food,1,42.99,0,Costco,Goleta CA,Oliver,2,2021,44234 Costco Goleta CA,95
2/22/2021 20:29,2/7/2021,Fish,Salmon,Food,1,30.87,0,Costco,Goleta CA,,2,2021,44234 Costco Goleta CA,96
2/22/2021 20:31,2/7/2021,Frozen Vegetables,Krikland,Food,1,6.79,0,Costco,Goleta CA,,2,2021,44234 Costco Goleta CA,97
2/22/2021 20:31,2/7/2021,Frozen Vegetables,Kirkland organic,Food,1,7.99,0,Costco,Goleta CA,,2,2021,44234 Costco Goleta CA,98
2/22/2021 20:34,2/1/2021,Furniture Gripper Pads,,Household,1,6.99,0,Target,Goleta CA,,2,2021,44228 Target Goleta CA,99
2/22/2021 20:35,2/1/2021,Cereald,Earth's Best,Food,1,2.99,0,Target,Goleta CA,,2,2021,44228 Target Goleta CA,100
2/22/2021 20:35,2/1/2021,Shampoo,,Hygiene,1,6.29,0,Target,Goleta CA,,2,2021,44228 Target Goleta CA,101
2/22/2021 20:38,2/1/2021,Household,,Household,1,6.49,0,Target,Goleta CA,,2,2021,44228 Target Goleta CA,102
2/22/2021 20:38,2/1/2021,Carpet cleaner,,Hygiene,1,4.99,0,Target,Goleta CA,,2,2021,44228 Target Goleta CA,103
2/22/2021 20:39,2/1/2021,Bar keepers,,Household,1,2.49,0,Target,Goleta CA,,2,2021,44228 Target Goleta CA,104
2/22/2021 20:40,2/1/2021,Cooktop cleaner,,Hygiene,1,5.29,0,Target,Goleta CA,,2,2021,44228 Target Goleta CA,105
2/22/2021 20:41,2/1/2021,Carpet cleaner,,Hygiene,1,18.99,0,Target,Goleta CA,,2,2021,44228 Target Goleta CA,106
2/22/2021 20:41,2/1/2021,Insect control,,Hygiene,1,17.19,0,Target,Goleta CA,,2,2021,44228 Target Goleta CA,107
2/22/2021 20:42,2/1/2021,Sales Tax,,Tax,1,5.33,0,Target,Goleta CA,,2,2021,44228 Target Goleta CA,108
2/22/2021 20:44,2/6/2021,Haircut,,Hygiene,1,29,0,Sport Clips,Goleta CA,,2,2021,44233 Sport Clips Goleta CA,109
2/22/2021 20:45,2/6/2021,Tips,,Other,1,7,0,Sport Clips,Goleta CA,,2,2021,44233 Sport Clips Goleta CA,110
2/22/2021 20:47,1/24/2021,Tomatoes,Cherry,Food,1,2.99,2,Sprouts,Goleta CA,,1,2021,44220 Sprouts Goleta CA,111
2/22/2021 20:47,1/24/2021,Lemons,,Food,1,0.69,2,Sprouts,Goleta CA,,1,2021,44220 Sprouts Goleta CA,112
2/22/2021 20:48,1/24/2021,Parsley,,Food,1,0.99,2,Sprouts,Goleta CA,,1,2021,44220 Sprouts Goleta CA,113
2/22/2021 20:48,1/24/2021,Avocados,,Food,1,3,2,Sprouts,Goleta CA,,1,2021,44220 Sprouts Goleta CA,114
2/22/2021 20:49,1/24/2021,Tea,Earl Grey,Food,1,3.59,2,Sprouts,Goleta CA,,1,2021,44220 Sprouts Goleta CA,115
2/22/2021 20:49,1/24/2021,Tea,Peppermint,Food,1,3,2,Sprouts,Goleta CA,,1,2021,44220 Sprouts Goleta CA,116
2/22/2021 20:50,1/24/2021,Tea,Perfect energy,Food,1,3,2,Sprouts,Goleta CA,,1,2021,44220 Sprouts Goleta CA,117
2/22/2021 20:50,1/24/2021,Tomato Puree,,Food,1,3.49,2,Sprouts,Goleta CA,,1,2021,44220 Sprouts Goleta CA,118
2/22/2021 20:51,1/24/2021,Chicken Breasts,,Food,1,8.42,2,Sprouts,Goleta CA,,1,2021,44220 Sprouts Goleta CA,119
2/22/2021 20:53,1/24/2021,Shower gel,Method,Hygiene,1,6.99,1,Target,Goleta CA,,1,2021,44220 Target Goleta CA,120
2/22/2021 20:54,1/24/2021,Toothbrush,,Hygiene,1,0.99,1,Target,Goleta CA,,1,2021,44220 Target Goleta CA,121
2/22/2021 20:54,1/24/2021,Sales Tax,,Tax,1,0.62,1,Target,Goleta CA,,1,2021,44220 Target Goleta CA,122
2/22/2021 20:58,1/31/2021,Tomatoes,Vine,Food,1,6.99,0,Costco,Goleta CA,,1,2021,44227 Costco Goleta CA,123
2/22/2021 20:59,1/31/2021,Apples,Gala,Food,1,9.99,0,Costco,Goleta CA,,1,2021,44227 Costco Goleta CA,124
2/22/2021 20:59,1/31/2021,Apples,Envy,Food,1,9.99,0,Costco,Goleta CA,,1,2021,44227 Costco Goleta CA,125
2/22/2021 21:00,1/31/2021,Sparkling water,San Pellegrino,Food,1,18.49,0,Costco,Goleta CA,,1,2021,44227 Costco Goleta CA,126
2/22/2021 21:01,1/31/2021,Kombucha,Kirkland organic,Food,0,12.99,0,Costco,Goleta CA,,1,2021,44227 Costco Goleta CA,127
2/22/2021 21:01,1/31/2021,Milk,Kirkland,Food,1,10.99,0,Costco,Goleta CA,,1,2021,44227 Costco Goleta CA,128
2/22/2021 21:01,1/31/2021,Clementines,,Food,1,6.99,0,Costco,Goleta CA,,1,2021,44227 Costco Goleta CA,129
2/22/2021 21:02,1/31/2021,Formula,Enfamil,Food,1,42.99,0,Costco,Goleta CA,Oliver,1,2021,44227 Costco Goleta CA,130
2/22/2021 21:02,1/31/2021,Bananas,Organic,Food,1,1.99,0,Costco,Goleta CA,,1,2021,44227 Costco Goleta CA,131
2/22/2021 21:03,1/31/2021,Apples,,Food,1,5.99,0,Costco,Goleta CA,,1,2021,44227 Costco Goleta CA,132
2/22/2021 21:03,1/31/2021,Cucumbers,,Food,1,5.49,0,Costco,Goleta CA,,1,2021,44227 Costco Goleta CA,133
2/22/2021 21:04,1/31/2021,Salad,Caesar,Food,1,7.49,0,Costco,Goleta CA,,1,2021,44227 Costco Goleta CA,134
2/22/2021 21:04,1/31/2021,Eggs,Pasture,Food,1,7.49,0,Costco,Goleta CA,,1,2021,44227 Costco Goleta CA,135
2/22/2021 21:05,1/31/2021,Cheese,Mozzarella,Food,1,7.99,0,Costco,Goleta CA,,1,2021,44227 Costco Goleta CA,136
2/22/2021 21:05,1/31/2021,Blackberries,,Food,1,7.49,0,Costco,Goleta CA,,1,2021,44227 Costco Goleta CA,137
2/22/2021 21:06,1/31/2021,Diapers,Kirkland,Hygiene,1,35.99,0,Costco,Goleta CA,Oliver,1,2021,44227 Costco Goleta CA,138
2/22/2021 21:07,1/31/2021,Bottle Deposit,,Deposit,1,1.9,0,Costco,Goleta CA,,1,2021,44227 Costco Goleta CA,139
2/22/2021 21:08,1/31/2021,Toilet paper,Marathon,Hygiene,1,24.99,0,Costco,Goleta CA,,1,2021,44227 Costco Goleta CA,140
2/22/2021 21:08,1/31/2021,Kitchen paper,Kirkland,Hygiene,1,14.79,0,Costco,Goleta CA,,1,2021,44227 Costco Goleta CA,141
2/22/2021 21:09,1/31/2021,Sales Tax,,Tax,1,4.63,0,Costco,Goleta CA,,1,2021,44227 Costco Goleta CA,142
2/22/2021 21:13,1/17/2021,Parking,LAX,Tax,1,5,0,LAX,Los Angeles CA,,1,2021,44213 LAX Los Angeles CA,143
2/22/2021 21:14,1/16/2021,Parking,,Parking,1,4,0,Santa Barbara Parking,Santa Barbara CA,,1,2021,44212  Santa Barbara CA,144
2/22/2021 21:17,1/4/2021,Tea,Monthers Milk,Food,1,5.99,0,Target,Goleta CA,,1,2021,44200 Target Goleta CA,145
2/22/2021 21:17,1/4/2021,Vitamins,Nature Made,Health,1,16.99,0,Target,Goleta CA,,1,2021,44200 Target Goleta CA,146
2/22/2021 21:19,1/4/2021,Pens,Energel,Gift,1,18.99,0,Target,Goleta CA,Eli,1,2021,44200 Target Goleta CA,147
2/22/2021 21:19,1/4/2021,Sales Tax,,Tax,1,2.79,0,Target,Goleta CA,Eli,1,2021,44200 Target Goleta CA,148
2/22/2021 21:24,1/4/2021,Fenugreek,,Health,1,11.19,0,Vitamin Shoppe,Goleta CA,,1,2021,44200 Vitamin Shoppe Goleta CA,149
2/22/2021 21:24,1/4/2021,Moringa,,Health,1,15.99,0,Vitamin Shoppe,Goleta CA,,1,2021,44200 Vitamin Shoppe Goleta CA,150
2/22/2021 21:25,1/4/2021,Sales Tax,,Tax,1,2.11,0,Vitamin Shoppe,Goleta CA,,1,2021,44200 Vitamin Shoppe Goleta CA,151
2/22/2021 21:28,2/2/2021,Celery stalks,,Food,1,1.49,1,Sprouts,Goleta CA,,2,2021,44229 Sprouts Goleta CA,152
2/22/2021 21:29,2/2/2021,Baby Arugula,,Food,1,3.49,0,Sprouts,Goleta CA,,2,2021,44229 Sprouts Goleta CA,153
2/22/2021 21:29,2/2/2021,Tea,Mother's Milk,Food,1,7,0,Sprouts,Goleta CA,,2,2021,44229 Sprouts Goleta CA,154
2/22/2021 21:30,2/2/2021,Coconut Oil,,Food,1,4.99,0,Sprouts,Goleta CA,,2,2021,44229 Sprouts Goleta CA,155
2/22/2021 21:30,2/2/2021,Tomato Puree,,Food,1,3.49,0,Sprouts,Goleta CA,,2,2021,44229 Sprouts Goleta CA,156
2/22/2021 21:31,2/2/2021,Rolled Oats,,Food,1,2.42,0,Sprouts,Goleta CA,,2,2021,44229 Sprouts Goleta CA,157
2/22/2021 21:31,2/2/2021,Steel cut oats,,Food,1,1.2,0,Sprouts,Goleta CA,,2,2021,44229 Sprouts Goleta CA,158
2/22/2021 21:31,2/2/2021,Chicken Breasts,,Food,1,12.77,0,Sprouts,Goleta CA,,2,2021,44229 Sprouts Goleta CA,159
3/21/2021 21:54,1/16/2021,Gift,,Gift,1,14.78,0,CVS pharmacy,Goleta CA,Eli,1,2021,44212 CVS pharmacy Goleta CA,160
3/21/2021 21:55,1/16/2021,Sales Tax,,Tax,1,0.95,0,CVS pharmacy,Goleta CA,Eli,1,2021,44212 CVS pharmacy Goleta CA,161
3/21/2021 21:56,1/14/2021,Eggs,Kirkland,Food,1,7.49,0,Costco,Goleta CA,,1,2021,44210 Costco Goleta CA,162
3/21/2021 21:57,1/14/2021,Milk,Kirkland,Food,1,10.99,0,Costco,Goleta CA,,1,2021,44210 Costco Goleta CA,163
3/21/2021 21:57,1/14/2021,Salad,Spring Mix,Food,1,3.99,0,Costco,Goleta CA,,1,2021,44210 Costco Goleta CA,164
3/21/2021 21:58,1/14/2021,Tomatoes,Vine,Food,1,6.99,0,Costco,Goleta CA,,1,2021,44210 Costco Goleta CA,165
3/21/2021 21:58,1/14/2021,Bananas,Organic,Food,1,1.99,0,Costco,Goleta CA,,1,2021,44210 Costco Goleta CA,166
3/21/2021 22:00,1/14/2021,Avocados,,Food,1,10.98,0,Costco,Goleta CA,,1,2021,44210 Costco Goleta CA,167
3/21/2021 22:01,1/14/2021,Salad,Caesar Kit,Food,1,7.99,0,Costco,Goleta CA,,1,2021,44210 Costco Goleta CA,168
3/21/2021 22:02,1/16/2021,Luggage,Samsonite,Gift,1,79.99,0,Marshalls,Santa Barbara CA,Eli,1,2021,44212 Marshalls Santa Barbara CA,169
3/21/2021 22:03,1/16/2021,Kitchen gourmet,,Gift,1,4.99,0,Marshalls,Santa Barbara CA,Eli,1,2021,44212 Marshalls Santa Barbara CA,170
3/21/2021 22:04,1/16/2021,Sales Tax,,Tax,1,7.44,0,Marshalls,Santa Barbara CA,Eli,1,2021,44212 Marshalls Santa Barbara CA,171
3/21/2021 22:07,1/15/2021,Cheeseburger,,Going Out,1,3.1,0,In-n-Out,Santa Barbara CA,,1,2021,44211 In-n-Out Santa Barbara CA,172
3/21/2021 22:08,1/15/2021,Cheeseburger,,Going Out,1,3.1,0,In-n-Out,Santa Barbara CA,,1,2021,44211 In-n-Out Santa Barbara CA,173
3/21/2021 22:08,1/15/2021,Cheeseburger,,Going Out,1,3.1,0,In-n-Out,Santa Barbara CA,,1,2021,44211 In-n-Out Santa Barbara CA,174
3/21/2021 22:10,1/15/2021,Fries,,Going Out,1,8,0,In-n-Out,Santa Barbara CA,,1,2021,44211 In-n-Out Santa Barbara CA,175
3/21/2021 22:10,1/15/2021,Sales Tax,,Tax,1,1.34,0,In-n-Out,Santa Barbara CA,,1,2021,44211 In-n-Out Santa Barbara CA,176
3/21/2021 22:13,1/26/2021,Milk,Kirkland,Food,1,10.99,1,Costco,Goleta CA,,1,2021,44222 Costco Goleta CA,177
3/21/2021 22:13,1/26/2021,Salad,Spring Mix,Food,1,3.99,1,Costco,Goleta CA,,1,2021,44222 Costco Goleta CA,178
3/21/2021 22:14,1/26/2021,Garlic,,Food,1,1,1,Sprouts,Goleta CA,,1,2021,44222 Sprouts Goleta CA,179
3/21/2021 22:15,1/26/2021,Blueberries,,Food,1,5,1,Sprouts,Goleta CA,,1,2021,44222 Sprouts Goleta CA,180
3/21/2021 22:15,1/26/2021,Apples,Honey crisp,Food,1,4.4,1,Sprouts,Goleta CA,,1,2021,44222 Sprouts Goleta CA,181
3/21/2021 22:16,1/26/2021,Tomatoes,Hothouse,Food,1,5.45,1,Sprouts,Goleta CA,,1,2021,44222 Sprouts Goleta CA,182
3/21/2021 22:17,1/26/2021,Carrots,Baby,Food,1,1.69,1,Sprouts,Goleta CA,,1,2021,44222 Sprouts Goleta CA,183
3/21/2021 22:17,1/26/2021,Cilantro,,Food,1,0.79,1,Sprouts,Goleta CA,,1,2021,44222 Sprouts Goleta CA,184
3/21/2021 22:17,1/26/2021,Onions,Sweet,Food,1,0.79,1,Sprouts,Goleta CA,,1,2021,44222 Sprouts Goleta CA,185
3/21/2021 22:18,1/26/2021,Gummies,,Food,0,3.99,1,Sprouts,Goleta CA,,1,2021,44222 Sprouts Goleta CA,186
3/27/2021 21:38,3/27/2021,Wet Wipes,Pampers,Hygiene,1,19.89,1,Target,Goleta CA,Oliver,3,2021,44282 Target Goleta CA,187
3/27/2021 21:40,3/27/2021,Suntan Cream,Think Baby,Health,1,13.49,1,Target,Goleta CA,Oliver,3,2021,44282 Target Goleta CA,188
3/27/2021 21:40,3/27/2021,Sales Tax,,Tax,1,2.59,1,Target,Goleta CA,,3,2021,44282 Target Goleta CA,189
3/27/2021 21:42,3/6/2021,Parking,,Parking,1,1.5,0,Santa Barbara Parking,Santa Barbara CA,,3,2021,44261  Santa Barbara CA,190
3/27/2021 21:43,3/23/2021,UCSB Parking,,Parking,1,3,0,UCSB,Goleta CA,,3,2021,44278 UCSB Goleta CA,191
3/27/2021 21:44,3/27/2021,Tomatoes,HotHouse,Food,1,2.59,1,Sprouts,Goleta CA,,3,2021,44282 Sprouts Goleta CA,192
3/27/2021 21:45,3/27/2021,Omega 3 + D3 vitamin,Nordic Naturals,Health,1,26.99,1,Sprouts,Goleta CA,,3,2021,44282 Sprouts Goleta CA,193
3/27/2021 21:45,3/27/2021,Chicken Breasts,,Food,1,12.79,1,Sprouts,Goleta CA,,3,2021,44282 Sprouts Goleta CA,194
3/27/2021 21:46,3/27/2021,Sales Tax,,Tax,1,2.09,1,Sprouts,Goleta CA,,3,2021,44282 Sprouts Goleta CA,195
3/27/2021 21:47,3/26/2021,Pills,,Health,1,5,2,Prescription pharmacy,Santa Barbara CA,,3,2021,44281 Prescription pharmacy Santa Barbara CA,196
3/27/2021 21:49,3/24/2021,Rice,,Food,1,4.99,0,Lassen's Natural Food & Vitamins,Goleta CA,,3,2021,44279 Lassen's Natural Food & Vitamins Goleta CA,197
3/27/2021 21:50,3/24/2021,Noccolata Hazelnut,,Food,1,6.29,0,Lassen's Natural Food & Vitamins,Goleta CA,,3,2021,44279 Lassen's Natural Food & Vitamins Goleta CA,198
3/27/2021 21:52,3/25/2021,Chicken Breasts,,Food,1,10.97,0,Whole foods,Santa Barbara CA,,3,2021,44280 Whole foods Santa Barbara CA,199
3/27/2021 21:53,3/23/2021,Eggs,Sun Harvest,Food,1,5.49,1,Smart and Final,Goleta CA,,3,2021,44278 Smart and Final Goleta CA,200
3/27/2021 21:55,3/23/2021,Flour,Kin Arthur,Food,1,5.49,1,Smart and Final,Goleta CA,,3,2021,44278 Smart and Final Goleta CA,201
3/27/2021 21:55,3/23/2021,Flour,,Food,1,9.89,1,Smart and Final,Goleta CA,,3,2021,44278 Smart and Final Goleta CA,202
3/27/2021 21:57,3/23/2021,Oats,First Street,Food,1,1.99,1,Smart and Final,Goleta CA,,3,2021,44278 Smart and Final Goleta CA,203
3/27/2021 21:57,3/23/2021,Macaroni,,Food,1,1.59,1,Smart and Final,Goleta CA,,3,2021,44278 Smart and Final Goleta CA,204
3/27/2021 21:58,3/23/2021,Spaghetti,Barilla,Food,1,1.59,1,Smart and Final,Goleta CA,,3,2021,44278 Smart and Final Goleta CA,205
3/27/2021 21:58,3/23/2021,Oatmilk,Planet out,Food,1,3.99,1,Smart and Final,Goleta CA,,3,2021,44278 Smart and Final Goleta CA,206
3/27/2021 21:59,3/23/2021,Bag,,Other,1,0.2,1,Smart and Final,Goleta CA,,3,2021,44278 Smart and Final Goleta CA,207
3/27/2021 22:01,3/23/2021,Credit,,Refund,1,-5,1,Smart and Final,Goleta CA,,3,2021,44278 Smart and Final Goleta CA,208
3/27/2021 22:03,1/16/2021,T-shirt,,Fitness,1,10,2,Marshalls,Santa Barbara CA,,1,2021,44212 Marshalls Santa Barbara CA,209
3/27/2021 22:04,1/16/2021,Sales Tax,,Tax,1,0.88,2,Marshalls,Santa Barbara CA,,1,2021,44212 Marshalls Santa Barbara CA,210
3/27/2021 22:06,1/16/2021,Potting Mix,,Household,1,9.97,0,Home depot,Goleta CA,,1,2021,44212 Home depot Goleta CA,211
3/27/2021 22:07,1/16/2021,Sales Tax,,Tax,1,0.77,0,Home depot,Goleta CA,,1,2021,44212 Home depot Goleta CA,212
3/27/2021 22:09,1/15/2021,Clothes,,Gift,1,97.94,0,Ross,Goleta CA,,1,2021,44211 Ross Goleta CA,213
3/27/2021 22:10,1/15/2021,Sales Tax,,Tax,1,7.6,0,Ross,Goleta CA,,1,2021,44211 Ross Goleta CA,214
3/27/2021 22:12,1/16/2021,Sweatshirt,,Clothes,1,24.99,0,Ross,Goleta CA,,1,2021,44212 Ross Goleta CA,215
3/27/2021 22:15,1/16/2021,T-shirt,Levi's,Gift,1,5.99,0,Ross,Goleta CA,Eli,1,2021,44212 Ross Goleta CA,216
3/27/2021 22:15,1/16/2021,Sales Tax,,Tax,1,2.4,0,Ross,Goleta CA,,1,2021,44212 Ross Goleta CA,217
3/27/2021 22:17,1/16/2021,Scent Bags,,Household,0,5.99,0,Bed bath and beyond,Goleta CA,,1,2021,44212 Bed bath and beyond Goleta CA,218
3/27/2021 22:18,1/16/2021,SpaceBag,SpaceBag,Household,1,22.49,0,Bed bath and beyond,Goleta CA,,1,2021,44212 Bed bath and beyond Goleta CA,219
3/27/2021 22:18,1/16/2021,Sales Tax,,Tax,1,2.21,0,Bed bath and beyond,Goleta CA,,1,2021,44212 Bed bath and beyond Goleta CA,220
3/27/2021 22:22,1/18/2021,Eggs,Sun Harvest,Food,1,3.99,2,Smart and Final,Goleta CA,,1,2021,44214 Smart and Final Goleta CA,221
3/27/2021 22:22,1/18/2021,Steel Cut Oats,Bob's Red Mill,Food,1,5.39,2,Smart and Final,Goleta CA,,1,2021,44214 Smart and Final Goleta CA,222
3/27/2021 22:23,1/18/2021,Yeast,Instant,Food,1,3.99,2,Smart and Final,Goleta CA,,1,2021,44214 Smart and Final Goleta CA,223
3/27/2021 22:24,1/18/2021,Apples,Golden delicious,Food,1,3.8,2,Smart and Final,Goleta CA,,1,2021,44214 Smart and Final Goleta CA,224
3/27/2021 22:24,1/18/2021,Yogurt,Yogplait,Food,1,1.4,2,Smart and Final,Goleta CA,,1,2021,44214 Smart and Final Goleta CA,225
3/27/2021 22:24,1/18/2021,Traditional,,Food,1,4.99,2,Smart and Final,Goleta CA,,1,2021,44214 Smart and Final Goleta CA,226
3/27/2021 22:25,1/18/2021,Yogurt,Yogplait,Food,0,1.4,2,Smart and Final,Goleta CA,,1,2021,44214 Smart and Final Goleta CA,227
3/27/2021 22:25,1/18/2021,Yogurt,Yogplait,Food,0,1.4,2,Smart and Final,Goleta CA,,1,2021,44214 Smart and Final Goleta CA,228
3/27/2021 22:26,1/18/2021,Flour,King Arthur,Food,1,17.99,2,Smart and Final,Goleta CA,,1,2021,44214 Smart and Final Goleta CA,229
3/27/2021 22:26,1/18/2021,Bag,,Other,0,0.1,2,Smart and Final,Goleta CA,,1,2021,44214 Smart and Final Goleta CA,230
3/27/2021 22:27,1/18/2021,Sales Tax,,Tax,1,0.38,2,Smart and Final,Goleta CA,,1,2021,44214 Smart and Final Goleta CA,231
3/27/2021 22:29,1/22/2021,Coffee,Ground Coffee,Food,1,13.99,2,Sprouts,Goleta CA,,1,2021,44218 Sprouts Goleta CA,232
3/27/2021 22:31,2/28/2021,14.02,,Gas,1,47.44,0,Arco,Santa Barbara CA,,2,2021,44255 Arco Santa Barbara CA,233
3/27/2021 22:34,3/20/2021,13.552,,Gas,1,50.13,0,World Oil,Goleta CA,,3,2021,44275 World Oil Goleta CA,234
4/2/2021 21:38,4/2/2021,Strawberries,,Food,1,4,0,Sprouts,Goleta CA,,4,2021,44288 Sprouts Goleta CA,235
4/2/2021 21:39,4/2/2021,Celery,,Food,1,0.98,0,Sprouts,Goleta CA,,4,2021,44288 Sprouts Goleta CA,236
4/2/2021 21:39,4/2/2021,Onions,Yellow,Food,1,2.03,0,Sprouts,Goleta CA,,4,2021,44288 Sprouts Goleta CA,237
4/2/2021 21:39,4/2/2021,Cilantro,,Food,1,1,0,Sprouts,Goleta CA,,4,2021,44288 Sprouts Goleta CA,238
4/2/2021 21:40,4/2/2021,Onions,Green,Food,1,0.5,0,Sprouts,Goleta CA,,4,2021,44288 Sprouts Goleta CA,239
4/2/2021 21:41,4/2/2021,Date Syrup,,Food,1,5.99,0,Sprouts,Goleta CA,,4,2021,44288 Sprouts Goleta CA,240
4/2/2021 21:41,4/2/2021,Oat milk,,Food,1,3.99,0,Sprouts,Goleta CA,,4,2021,44288 Sprouts Goleta CA,241
4/2/2021 21:41,4/2/2021,Hazelnuts,,Food,1,9.13,0,Sprouts,Goleta CA,,4,2021,44288 Sprouts Goleta CA,242
4/2/2021 21:41,4/2/2021,Gummi bears,,Food,1,3.29,0,Sprouts,Goleta CA,,4,2021,44288 Sprouts Goleta CA,243
4/2/2021 21:42,4/2/2021,Chocolate almonds,,Food,1,3.35,0,Sprouts,Goleta CA,,4,2021,44288 Sprouts Goleta CA,244
4/2/2021 21:44,4/1/2021,Oatmeal,,Food,1,7.99,0,Costco,Goleta CA,,4,2021,44287 Costco Goleta CA,245
4/2/2021 21:44,4/1/2021,Oranges,,Food,1,11.99,0,Costco,Goleta CA,,4,2021,44287 Costco Goleta CA,246
4/2/2021 21:46,4/1/2021,Toothpaste,Crest,Hygiene,1,9.99,0,Costco,Goleta CA,,4,2021,44287 Costco Goleta CA,247
4/2/2021 21:46,4/1/2021,Cereal,K Special,Food,1,8.99,0,Costco,Goleta CA,,4,2021,44287 Costco Goleta CA,248
4/2/2021 21:47,4/1/2021,Milk,Kirkland,Food,1,10.99,0,Costco,Goleta CA,,4,2021,44287 Costco Goleta CA,249
4/2/2021 21:47,4/1/2021,Potatoes,,Food,1,5.99,0,Costco,Goleta CA,,4,2021,44287 Costco Goleta CA,250
4/2/2021 21:48,4/1/2021,Lysol disinfectant,Lysol,Hygiene,0,12.79,0,Costco,Goleta CA,,4,2021,44287 Costco Goleta CA,251
4/2/2021 21:48,4/1/2021,Squash,Organic,Food,1,6.99,0,Costco,Goleta CA,,4,2021,44287 Costco Goleta CA,252
4/2/2021 21:48,4/1/2021,Plums,,Food,1,6.99,0,Costco,Goleta CA,,4,2021,44287 Costco Goleta CA,253
4/2/2021 21:49,4/1/2021,Mushrooms,Bellas,Food,1,5.49,0,Costco,Goleta CA,,4,2021,44287 Costco Goleta CA,254
4/2/2021 21:50,4/1/2021,Bananas,Organic,Food,1,1.99,0,Costco,Goleta CA,,4,2021,44287 Costco Goleta CA,255
4/2/2021 21:50,4/1/2021,Avocados,,Food,1,7.99,0,Costco,Goleta CA,,4,2021,44287 Costco Goleta CA,256
4/2/2021 21:50,4/1/2021,Salmon,,Food,1,21.08,0,Costco,Goleta CA,,4,2021,44287 Costco Goleta CA,257
4/2/2021 21:51,4/1/2021,Heavy Cream,,Food,1,4.29,0,Costco,Goleta CA,,4,2021,44287 Costco Goleta CA,258
4/2/2021 21:52,4/1/2021,Prosciutto,DiParma,Food,1,12.69,0,Costco,Goleta CA,,4,2021,44287 Costco Goleta CA,259
4/2/2021 21:52,4/1/2021,Apples,Organic,Food,1,3.49,0,Costco,Goleta CA,,4,2021,44287 Costco Goleta CA,260
4/2/2021 21:52,4/1/2021,Eggs,,Food,1,7.49,0,Costco,Goleta CA,,4,2021,44287 Costco Goleta CA,261
4/2/2021 21:53,4/1/2021,Brussel sprouts,,Food,1,3.79,0,Costco,Goleta CA,,4,2021,44287 Costco Goleta CA,262
4/2/2021 21:55,4/1/2021,Blueberries,Organic,Food,1,7.99,0,Costco,Goleta CA,,4,2021,44287 Costco Goleta CA,263
4/2/2021 21:56,4/1/2021,Sales Tax,,Tax,1,1.77,0,Costco,Goleta CA,,4,2021,44287 Costco Goleta CA,264
4/2/2021 21:58,3/29/2021,Diapers,Pampers,Hygiene,0,9.99,1,CVS pharmacy,Santa Barbara CA,Oliver,3,2021,44284 CVS pharmacy Santa Barbara CA,265
4/2/2021 22:01,3/29/2021,Level Tool,Empire,Household,1,12.47,1,Home depot,Goleta CA,,3,2021,44284 Home depot Goleta CA,266
4/2/2021 22:01,3/29/2021,Sales Tax,,Tax,1,0.98,1,Home depot,Goleta CA,,3,2021,44284 Home depot Goleta CA,267
4/2/2021 22:03,3/30/2021,Ice Cream,Tillamook,Food,1,3.99,1,Albertsons,Goleta CA,,3,2021,44285 Albertsons Goleta CA,268
4/2/2021 22:04,3/29/2021,Apples,,Food,1,10.39,1,European Deli market,Santa Barbara CA,,3,2021,44284 European Deli market Santa Barbara CA,269
4/2/2021 22:05,3/29/2021,Biscuits,Ulker,Food,1,4.99,1,European Deli market,Santa Barbara CA,,3,2021,44284 European Deli market Santa Barbara CA,270
4/2/2021 22:05,3/29/2021,Egg Dye,,Food,1,0.99,1,European Deli market,Santa Barbara CA,,3,2021,44284 European Deli market Santa Barbara CA,271
4/2/2021 22:07,3/29/2021,Kitchen gourmet,,Household,1,6.99,1,Marshalls,Santa Barbara CA,,3,2021,44284 Marshalls Santa Barbara CA,272
4/2/2021 22:07,3/29/2021,Sales Tax,,Tax,1,0.61,1,Marshalls,Santa Barbara CA,,3,2021,44284 Marshalls Santa Barbara CA,273
4/2/2021 22:10,3/29/2021,Cappuccino,,Going Out,1,5,1,D'Angelo,Santa Barbara CA,,3,2021,44284 D'Angelo Santa Barbara CA,274
4/2/2021 22:10,3/29/2021,Cappuccino,,Going Out,1,5,1,D'Angelo,Santa Barbara CA,,3,2021,44284 D'Angelo Santa Barbara CA,275
4/2/2021 22:10,3/29/2021,Eggs Benedict,,Going Out,1,22,1,D'Angelo,Santa Barbara CA,,3,2021,44284 D'Angelo Santa Barbara CA,276
4/2/2021 22:11,3/29/2021,Egg Salad sandwich,,Going Out,1,18,1,D'Angelo,Santa Barbara CA,,3,2021,44284 D'Angelo Santa Barbara CA,277
4/2/2021 22:11,3/29/2021,Sales Tax,,Tax,1,4.38,1,D'Angelo,Santa Barbara CA,,3,2021,44284 D'Angelo Santa Barbara CA,278
4/2/2021 22:12,3/29/2021,Tips,,Going Out,1,11.62,1,D'Angelo,Santa Barbara CA,,3,2021,44284 D'Angelo Santa Barbara CA,279
4/2/2021 22:14,3/29/2021,Gelato Piccolo,,Going Out,0,5,1,Gelato,Santa Barbara CA,,3,2021,44284 Gelato Santa Barbara CA,280
4/2/2021 22:14,3/29/2021,Sales Tax,,Tax,1,0.75,1,Gelato,Santa Barbara CA,,3,2021,44284 Gelato Santa Barbara CA,281
4/2/2021 22:16,3/29/2021,Coffee,,Going Out,0,5,1,Petros,Santa Barbara CA,,3,2021,44284 Petros Santa Barbara CA,282
4/2/2021 22:16,3/29/2021,Coffee,,Going Out,0,5,1,Petros,Santa Barbara CA,,3,2021,44284 Petros Santa Barbara CA,283
4/2/2021 22:16,3/29/2021,Sales Tax,,Tax,0,1.8,1,Petros,Santa Barbara CA,,3,2021,44284 Petros Santa Barbara CA,284
4/3/2021 14:12,4/3/2021,Haircut,,Hygiene,1,33,0,Sport clips,Goleta CA,,4,2021,44289 Sport clips Goleta CA,285
4/3/2021 14:15,4/3/2021,Chocolate bunny x3,Ghirardelli,Food,1,11.97,0,Albertsons,Goleta CA,Easter,4,2021,44289 Albertsons Goleta CA,286
4/3/2021 14:15,4/3/2021,Chocolate eggs,Ferrero,Food,1,3.99,0,Albertsons,Goleta CA,Easter,4,2021,44289 Albertsons Goleta CA,287
4/3/2021 14:19,4/3/2021,Chocolate bunny x2,Dove,Food,1,7,0,CVS pharmacy,Goleta CA,Easter,4,2021,44289 CVS pharmacy Goleta CA,288
4/3/2021 14:19,4/4/2021,Chocolate eggs,Lindt,Food,1,4.99,0,CVS pharmacy,Goleta CA,Easter,4,2021,44290 CVS pharmacy Goleta CA,289
4/3/2021 15:54,3/29/2021,Oil Change,,Car,1,81.99,1,Coast Tires,Santa Barbara CA,,3,2021,44284 Coast Tires Santa Barbara CA,290
4/3/2021 15:55,3/29/2021,Serpentine Belt Change,,Car,0,159.48,1,Coast Tires,Santa Barbara CA,,3,2021,44284 Coast Tires Santa Barbara CA,291
4/3/2021 15:57,3/29/2021,Sales Tax,,Tax,1,10.94,1,Coast Tires,Santa Barbara CA,,3,2021,44284 Coast Tires Santa Barbara CA,292
4/3/2021 16:00,3/6/2021,Flour,King's Arthur,Food,1,5.19,0,Smart and Final,Santa Barbara CA,,3,2021,44261 Smart and Final Santa Barbara CA,293
4/3/2021 16:00,3/6/2021,Flour,King's Arthur,Food,1,5.19,0,Smart and Final,Santa Barbara CA,,3,2021,44261 Smart and Final Santa Barbara CA,294
4/3/2021 16:01,3/6/2021,Chocolate,Kit Kat,Food,0,1.29,0,Smart and Final,Santa Barbara CA,,3,2021,44261 Smart and Final Santa Barbara CA,295
4/3/2021 16:01,3/6/2021,Chocolate,M&M,Food,0,1.29,0,Smart and Final,Santa Barbara CA,,3,2021,44261 Smart and Final Santa Barbara CA,296
4/3/2021 16:03,1/16/2021,Household stuff,,Household,1,8,1,Dollar tree,Goleta CA,,1,2021,44212 Dollar tree Goleta CA,297
4/3/2021 16:04,1/16/2021,Sales Tax,,Tax,1,0.62,1,Dollar tree,Goleta CA,,1,2021,44212 Dollar tree Goleta CA,298
4/3/2021 16:06,1/22/2021,Prescription pharmacy,,Health,1,5,2,Prescription pharmacy,Santa Barbara CA,Tati,1,2021,44218 Prescription pharmacy Santa Barbara CA,299
4/3/2021 16:10,1/22/2021,Potatoes,,Food,1,6.99,0,Costco,Goleta CA,,1,2021,44218 Costco Goleta CA,300
4/3/2021 16:11,1/22/2021,Clementines,,Food,1,6.99,0,Costco,Goleta CA,,1,2021,44218 Costco Goleta CA,301
4/3/2021 16:11,1/22/2021,Formula,Enfamil,Food,1,42.99,0,Costco,Goleta CA,Oliver,1,2021,44218 Costco Goleta CA,302
4/3/2021 16:12,1/22/2021,Butter,Kirkland,Food,1,7.29,0,Costco,Goleta CA,,1,2021,44218 Costco Goleta CA,303
4/3/2021 16:12,1/22/2021,Pears,Organic,Food,1,7.99,0,Costco,Goleta CA,,1,2021,44218 Costco Goleta CA,304
4/3/2021 16:12,1/22/2021,Avocados,,Food,1,5.49,0,Costco,Goleta CA,,1,2021,44218 Costco Goleta CA,305
4/3/2021 16:14,1/22/2021,Feta,President,Food,1,6.99,0,Costco,Goleta CA,,1,2021,44218 Costco Goleta CA,306
4/3/2021 16:14,1/22/2021,Salad,Spring Mix,Food,1,3.99,0,Costco,Goleta CA,,1,2021,44218 Costco Goleta CA,307
4/3/2021 16:15,1/22/2021,Milk,Laughing Cow,Food,1,4.99,0,Costco,Goleta CA,,1,2021,44218 Costco Goleta CA,308
4/3/2021 16:15,1/22/2021,Apples,Organic,Food,1,3.79,0,Costco,Goleta CA,,1,2021,44218 Costco Goleta CA,309
4/3/2021 16:15,1/22/2021,Bananas,Organic,Food,1,1.99,0,Costco,Goleta CA,,1,2021,44218 Costco Goleta CA,310
4/3/2021 16:19,1/4/2021,Formula,Enfamil,Food,1,42.99,0,Costco,Goleta CA,Oliver,1,2021,44200 Costco Goleta CA,311
4/3/2021 16:19,1/4/2021,Milk,Horizon,Food,1,11.99,0,Costco,Goleta CA,,1,2021,44200 Costco Goleta CA,312
4/3/2021 16:20,1/4/2021,Apples,Organic,Food,1,3.79,0,Costco,Goleta CA,,1,2021,44200 Costco Goleta CA,313
4/3/2021 16:20,1/4/2021,Mushrooms,Organic Bellas,Food,1,5.99,0,Costco,Goleta CA,,1,2021,44200 Costco Goleta CA,314
4/3/2021 16:21,1/4/2021,Pears,Organic,Food,1,8.99,0,Costco,Goleta CA,,1,2021,44200 Costco Goleta CA,315
4/3/2021 16:21,1/4/2021,Bouquet,,Gift,0,14.99,0,Costco,Goleta CA,,1,2021,44200 Costco Goleta CA,316
4/3/2021 16:21,1/4/2021,Salad,Spring Mix,Food,1,3.99,0,Costco,Goleta CA,,1,2021,44200 Costco Goleta CA,317
4/3/2021 16:22,1/4/2021,Sales Tax,,Tax,1,1.16,0,Costco,Goleta CA,,1,2021,44200 Costco Goleta CA,318
4/8/2021 20:56,4/7/2021,Baby formula,Enfamil,Food,1,42.99,0,Costco,Goleta CA,Oliver,4,2021,44293 Costco Goleta CA,319
4/8/2021 20:56,4/7/2021,Cold pressed juice,,Food,0,19.99,0,Costco,Goleta CA,,4,2021,44293 Costco Goleta CA,320
4/8/2021 20:57,4/7/2021,Bottle Deposit,,Deposit,0,0.45,0,Costco,Goleta CA,,4,2021,44293 Costco Goleta CA,321
4/8/2021 20:57,4/7/2021,Milk,Whole milk,Food,1,10.99,0,Costco,Goleta CA,,4,2021,44293 Costco Goleta CA,322
4/8/2021 20:58,4/7/2021,Sparkling water,Kirkland,Food,1,12.99,0,Costco,Goleta CA,,4,2021,44293 Costco Goleta CA,323
4/8/2021 20:58,4/7/2021,Bottle Deposit,,Deposit,1,1.2,0,Costco,Goleta CA,,4,2021,44293 Costco Goleta CA,324
4/8/2021 20:59,4/7/2021,Tomatoes,Cocktail,Food,1,6.49,0,Costco,Goleta CA,,4,2021,44293 Costco Goleta CA,325
4/8/2021 21:00,4/7/2021,Diapers,Kirkland,Hygiene,1,35.99,0,Costco,Goleta CA,Oliver,4,2021,44293 Costco Goleta CA,326
4/8/2021 21:01,4/7/2021,Lettuce,,Food,1,3.49,0,Costco,Goleta CA,,4,2021,44293 Costco Goleta CA,327
4/8/2021 21:01,4/7/2021,Mangos,Organic,Food,0,6.99,0,Costco,Goleta CA,,4,2021,44293 Costco Goleta CA,328
4/8/2021 21:02,4/7/2021,Bananas,Organic,Food,1,1.99,0,Costco,Goleta CA,,4,2021,44293 Costco Goleta CA,329
4/8/2021 21:02,4/7/2021,Pears,Anjou,Food,1,7.79,0,Costco,Goleta CA,,4,2021,44293 Costco Goleta CA,330
4/8/2021 21:03,4/7/2021,Sales Tax,,Tax,1,1.1,0,Costco,Goleta CA,,4,2021,44293 Costco Goleta CA,331
4/8/2021 21:10,4/6/2021,Tea,Mother's milk,Food,1,4.49,0,Target,Goleta CA,,4,2021,44292 Target Goleta CA,332
4/8/2021 21:10,4/6/2021,Tea,Mother's milk,Food,1,4.49,0,Target,Goleta CA,,4,2021,44292 Target Goleta CA,333
4/8/2021 21:10,4/6/2021,Tea,Night,Food,1,4.49,0,Target,Goleta CA,,4,2021,44292 Target Goleta CA,334
4/8/2021 21:11,4/6/2021,Always,,Hygiene,1,7.99,0,Target,Goleta CA,,4,2021,44292 Target Goleta CA,335
4/8/2021 21:12,4/6/2021,Hand sanitiser,Purell,Hygiene,1,3.59,0,Target,Goleta CA,,4,2021,44292 Target Goleta CA,336
4/8/2021 21:13,4/6/2021,Soap,,Hygiene,1,2.99,0,Target,Goleta CA,,4,2021,44292 Target Goleta CA,337
4/8/2021 21:14,4/6/2021,Sales Tax,,Tax,1,0.51,0,Target,Goleta CA,,4,2021,44292 Target Goleta CA,338
4/8/2021 21:16,3/21/2021,Cordless PVC Rollup,,Household,1,17.97,0,Home depot,Goleta CA,,3,2021,44276 Home depot Goleta CA,339
4/8/2021 21:17,3/21/2021,Sales Tax,,Tax,1,1.39,0,Home depot,Goleta CA,,3,2021,44276 Home depot Goleta CA,340
4/8/2021 21:19,3/21/2021,Flour,,Food,1,3.19,0,Whole foods,Santa Barbara CA,,3,2021,44276 Whole foods Santa Barbara CA,341
4/8/2021 21:19,3/21/2021,Flour,,Food,1,4.45,0,Whole foods,Santa Barbara CA,,3,2021,44276 Whole foods Santa Barbara CA,342
4/8/2021 21:20,3/21/2021,Chicken breasts,,Food,1,9.25,0,Whole foods,Santa Barbara CA,,3,2021,44276 Whole foods Santa Barbara CA,343
4/8/2021 21:23,3/21/2021,Noodles,Muhlen Extra Broad Noodles,Food,1,3.49,0,European Deli,Santa Barbara CA,,3,2021,44276 European Deli Santa Barbara CA,344
4/8/2021 21:24,3/21/2021,Couscous,Dari Couscous,Food,1,4.49,0,European Deli,Santa Barbara CA,,3,2021,44276 European Deli Santa Barbara CA,345
4/8/2021 21:25,3/21/2021,Apples,,Food,1,10.1,0,European Deli,Santa Barbara CA,,3,2021,44276 European Deli Santa Barbara CA,346
4/8/2021 21:27,3/19/2021,Milk,Whole milk,Food,1,10.99,0,Costco,Goleta CA,,3,2021,44274 Costco Goleta CA,347
4/8/2021 21:27,3/19/2021,Mangos,Organic,Food,1,7.49,0,Costco,Goleta CA,,3,2021,44274 Costco Goleta CA,348
4/8/2021 21:28,3/19/2021,Baby pickles,Mt Olive,Food,1,3.39,0,Costco,Goleta CA,,3,2021,44274 Costco Goleta CA,349
4/8/2021 21:28,3/19/2021,Pears,Anjou,Food,1,6.49,0,Costco,Goleta CA,,3,2021,44274 Costco Goleta CA,350
4/8/2021 21:29,3/19/2021,Clementines,,Food,1,6.49,0,Costco,Goleta CA,,3,2021,44274 Costco Goleta CA,351
4/8/2021 21:29,3/19/2021,Butter,Kirkland,Food,1,8.49,0,Costco,Goleta CA,,3,2021,44274 Costco Goleta CA,352
4/8/2021 21:30,3/19/2021,Foil,Reynolds,Household,1,17.89,0,Costco,Goleta CA,,3,2021,44274 Costco Goleta CA,353
4/8/2021 21:30,3/19/2021,Lettuce,Sweet Gem,Food,1,3.49,0,Costco,Goleta CA,,3,2021,44274 Costco Goleta CA,354
4/8/2021 21:30,3/19/2021,Yogurt,Oui,Food,1,10.89,0,Costco,Goleta CA,,3,2021,44274 Costco Goleta CA,355
4/8/2021 21:31,3/19/2021,Salad,Spring Mix,Food,1,3.99,0,Costco,Goleta CA,,3,2021,44274 Costco Goleta CA,356
4/8/2021 21:31,3/19/2021,Spinach,Organic,Food,1,3.79,0,Costco,Goleta CA,,3,2021,44274 Costco Goleta CA,357
4/8/2021 21:31,3/19/2021,Avocados,,Food,1,6.99,0,Costco,Goleta CA,,3,2021,44274 Costco Goleta CA,358
4/8/2021 21:32,3/19/2021,Cheese,Dubliner,Food,1,11.71,0,Costco,Goleta CA,,3,2021,44274 Costco Goleta CA,359
4/8/2021 21:33,3/19/2021,Cheese,Mozzarella,Food,1,6.99,0,Costco,Goleta CA,,3,2021,44274 Costco Goleta CA,360
4/8/2021 21:33,3/19/2021,5 Cheese Tortellini,,Food,1,9.99,0,Costco,Goleta CA,,3,2021,44274 Costco Goleta CA,361
4/8/2021 21:34,3/19/2021,Chorizo Ravioli,,Food,1,10.89,0,Costco,Goleta CA,,3,2021,44274 Costco Goleta CA,362
4/8/2021 21:34,3/19/2021,Baby formula,Enfamil,Food,1,42.99,0,Costco,Goleta CA,Oliver,3,2021,44274 Costco Goleta CA,363
4/8/2021 21:34,3/19/2021,Raspberries,,Food,1,5.99,0,Costco,Goleta CA,,3,2021,44274 Costco Goleta CA,364
4/8/2021 21:35,3/19/2021,Strawberries,Organic,Food,1,6.99,0,Costco,Goleta CA,,3,2021,44274 Costco Goleta CA,365
4/8/2021 21:35,3/19/2021,Cucumbers,Organic,Food,1,5.49,0,Costco,Goleta CA,,3,2021,44274 Costco Goleta CA,366
4/8/2021 21:35,3/19/2021,Sales Tax,,Tax,1,1.39,0,Costco,Goleta CA,,3,2021,44274 Costco Goleta CA,367
4/8/2021 21:38,3/16/2021,Groceries,,Food,1,20,2,Public market,Santa Barbara CA,,3,2021,44271 Public market Santa Barbara CA,368
4/8/2021 21:39,3/19/2021,Throws,,Household,1,19.99,0,HomeGoods,Goleta CA,,3,2021,44274 HomeGoods Goleta CA,369
4/8/2021 21:39,3/19/2021,Sales Tax,,Tax,1,1.55,0,HomeGoods,Goleta CA,,3,2021,44274 HomeGoods Goleta CA,370
4/8/2021 21:41,4/3/2021,13.472,,Gas,1,49.83,0,World Oil,Goleta CA,,4,2021,44289 World Oil Goleta CA,371
4/8/2021 21:43,4/3/2021,Security blanket,,Household,1,7,0,HomeGoods,Goleta CA,Oliver,4,2021,44289 HomeGoods Goleta CA,372
4/8/2021 21:43,4/3/2021,Sales Tax,,Tax,1,0.54,0,HomeGoods,Goleta CA,Oliver,4,2021,44289 HomeGoods Goleta CA,373
4/8/2021 21:45,4/3/2021,Hair bonding oil,,Beauty,1,28,0,Sephora,Santa Barbara CA,Tati,4,2021,44289 Sephora Santa Barbara CA,374
4/8/2021 21:46,4/3/2021,Sales Tax,,Tax,1,2.45,0,Sephora,Santa Barbara CA,Tati,4,2021,44289 Sephora Santa Barbara CA,375
4/8/2021 21:48,1/23/2021,Ice Cream,Tillamook,Food,1,5.49,2,Ralphs,Goleta CA,,1,2021,44219 Ralphs Goleta CA,376
4/8/2021 21:49,1/23/2021,Eggs,Egglands,Food,1,4.99,2,Ralphs,Goleta CA,,1,2021,44219 Ralphs Goleta CA,377
4/8/2021 21:49,1/23/2021,Cream Cheese,Philly,Food,1,3.39,2,Ralphs,Goleta CA,,1,2021,44219 Ralphs Goleta CA,378
4/8/2021 21:50,1/23/2021,Chocolate Morsels,Nestle,Food,1,3,2,Ralphs,Goleta CA,,1,2021,44219 Ralphs Goleta CA,379
4/8/2021 21:50,1/23/2021,Chocolate Morsels,Nestle,Food,1,3,2,Ralphs,Goleta CA,,1,2021,44219 Ralphs Goleta CA,380
4/8/2021 21:50,1/23/2021,Tortilla,,Food,1,3.29,2,Ralphs,Goleta CA,,1,2021,44219 Ralphs Goleta CA,381
4/8/2021 21:51,1/23/2021,OSCM combo,,Food,1,4.49,2,Ralphs,Goleta CA,,1,2021,44219 Ralphs Goleta CA,382
4/8/2021 21:51,1/23/2021,PRSL Havarti,,Food,1,5.99,2,Ralphs,Goleta CA,,1,2021,44219 Ralphs Goleta CA,383
4/8/2021 21:55,2/2/2021,Hummus,,Food,1,1.99,0,Trader joe's,Goleta CA,,2,2021,44229 Trader joe's Goleta CA,384
4/8/2021 21:55,2/2/2021,Hummus,,Food,1,1.99,0,Trader joe's,Goleta CA,,2,2021,44229 Trader joe's Goleta CA,385
4/8/2021 21:55,2/2/2021,Hummus,,Food,1,2.29,0,Trader joe's,Goleta CA,,2,2021,44229 Trader joe's Goleta CA,386
4/8/2021 21:56,2/2/2021,Raspberry Fruit Spread,Organic,Food,1,2.99,0,Trader joe's,Goleta CA,,2,2021,44229 Trader joe's Goleta CA,387
4/8/2021 21:56,2/2/2021,Whipping cream,,Food,1,4.17,0,Trader joe's,Goleta CA,,2,2021,44229 Trader joe's Goleta CA,388
4/8/2021 21:57,2/2/2021,Parsley,,Food,1,1.19,0,Trader joe's,Goleta CA,,2,2021,44229 Trader joe's Goleta CA,389
4/8/2021 21:57,2/2/2021,Honey,,Food,1,9.99,0,Trader joe's,Goleta CA,,2,2021,44229 Trader joe's Goleta CA,390
4/8/2021 21:58,2/2/2021,Hazelnuts,,Food,1,6.99,0,Trader joe's,Goleta CA,,2,2021,44229 Trader joe's Goleta CA,391
4/8/2021 21:59,2/2/2021,Figs,,Food,1,4.99,0,Trader joe's,Goleta CA,,2,2021,44229 Trader joe's Goleta CA,392
4/8/2021 21:59,2/2/2021,Cocoa Almond Spread,,Food,1,3.99,0,Trader joe's,Goleta CA,,2,2021,44229 Trader joe's Goleta CA,393
4/8/2021 22:00,2/2/2021,Walnuts,,Food,1,5.99,0,Trader joe's,Goleta CA,,2,2021,44229 Trader joe's Goleta CA,394
4/8/2021 22:00,2/2/2021,Figs,,Food,1,4.99,0,Trader joe's,Goleta CA,,2,2021,44229 Trader joe's Goleta CA,395
4/8/2021 22:01,2/2/2021,Lemon,,Food,1,1.69,0,Trader joe's,Goleta CA,,2,2021,44229 Trader joe's Goleta CA,396
4/8/2021 22:01,2/2/2021,Berries,,Food,1,3.49,0,Trader joe's,Goleta CA,,2,2021,44229 Trader joe's Goleta CA,397
4/8/2021 22:02,2/2/2021,Blueberries,,Food,1,5.99,0,Trader joe's,Goleta CA,,2,2021,44229 Trader joe's Goleta CA,398
4/8/2021 22:04,2/2/2021,Prune,,Food,1,3.79,0,Trader joe's,Goleta CA,,2,2021,44229 Trader joe's Goleta CA,399
4/8/2021 22:04,2/2/2021,Almonds cranberries cashews,,Food,1,5.99,0,Trader joe's,Goleta CA,,2,2021,44229 Trader joe's Goleta CA,400
4/8/2021 22:05,2/2/2021,Bag,,Deposit,1,0.1,0,Trader joe's,Goleta CA,,2,2021,44229 Trader joe's Goleta CA,401
4/8/2021 22:08,2/2/2021,Cranberry pieces,,Food,1,2.49,0,Trader joe's,Goleta CA,,2,2021,44229 Trader joe's Goleta CA,402
4/9/2021 9:21,4/21/2021,Seasonal linen,,Household,1,9,0,HomeGoods,Goleta CA,Easter,4,2021,44307 HomeGoods Goleta CA,403
4/9/2021 9:21,4/21/2021,Sales Tax,,Tax,1,0.7,0,HomeGoods,Goleta CA,Easter,4,2021,44307 HomeGoods Goleta CA,404
4/9/2021 20:03,4/9/2021,Carwash,Ultimate,Car,1,14,0,Shell,Goleta CA,,4,2021,44295 Shell Goleta CA,405
4/9/2021 20:04,4/9/2021,Salt,Morton sea salt,Food,1,2.99,0,Albertsons,Goleta CA,,4,2021,44295 Albertsons Goleta CA,406
4/9/2021 20:04,4/9/2021,Cream cheese,Philly,Food,1,3.49,0,Albertsons,Goleta CA,,4,2021,44295 Albertsons Goleta CA,407
4/9/2021 20:05,4/9/2021,Phyllodough,,Food,1,3,0,Albertsons,Goleta CA,,4,2021,44295 Albertsons Goleta CA,408
4/9/2021 20:05,4/9/2021,Phyllodough,,Food,1,3,0,Albertsons,Goleta CA,,4,2021,44295 Albertsons Goleta CA,409
4/9/2021 20:10,4/9/2021,Hummus,,Food,1,2.29,0,Trader joe's,Goleta CA,,4,2021,44295 Trader joe's Goleta CA,410
4/9/2021 20:10,4/9/2021,Hummus,,Food,1,1.99,0,Trader joe's,Goleta CA,,4,2021,44295 Trader joe's Goleta CA,411
4/9/2021 20:10,4/9/2021,Pasta,Pappardelle,Food,1,1.99,0,Trader joe's,Goleta CA,,4,2021,44295 Trader joe's Goleta CA,412
4/9/2021 20:11,4/9/2021,Pasta,Gnocchi,Food,1,3.38,0,Trader joe's,Goleta CA,,4,2021,44295 Trader joe's Goleta CA,413
4/9/2021 20:11,4/9/2021,Vanilla sticks,,Food,0,1.99,0,Trader joe's,Goleta CA,,4,2021,44295 Trader joe's Goleta CA,414
4/9/2021 20:12,4/9/2021,Chocolate chips,,Food,1,1.99,0,Trader joe's,Goleta CA,,4,2021,44295 Trader joe's Goleta CA,415
4/9/2021 20:12,4/9/2021,Banana fruit spread,Organic,Food,0,2.49,0,Trader joe's,Goleta CA,,4,2021,44295 Trader joe's Goleta CA,416
4/9/2021 20:13,4/9/2021,Onions,Sweet,Food,1,0.59,0,Trader joe's,Goleta CA,,4,2021,44295 Trader joe's Goleta CA,417
4/9/2021 20:13,4/9/2021,Onions,Yellow,Food,1,0.59,0,Trader joe's,Goleta CA,,4,2021,44295 Trader joe's Goleta CA,418
4/9/2021 20:13,4/9/2021,Garbanzo beans,,Food,1,0.79,0,Trader joe's,Goleta CA,,4,2021,44295 Trader joe's Goleta CA,419
4/9/2021 20:13,4/9/2021,Garbanzo beans,,Food,1,0.79,0,Trader joe's,Goleta CA,,4,2021,44295 Trader joe's Goleta CA,420
4/9/2021 20:14,4/9/2021,Chocolate chips,72% Dark,Food,1,2.49,0,Trader joe's,Goleta CA,,4,2021,44295 Trader joe's Goleta CA,421
4/9/2021 20:15,4/9/2021,berries,Freeze dried organic,Food,1,3.99,0,Trader joe's,Goleta CA,,4,2021,44295 Trader joe's Goleta CA,422
4/9/2021 20:17,4/9/2021,Almonds cranberries cashews,,Food,1,5.99,0,Trader joe's,Goleta CA,,4,2021,44295 Trader joe's Goleta CA,423
4/9/2021 20:17,4/9/2021,Eggs,Jumbo Organic,Food,1,4.49,0,Trader joe's,Goleta CA,,4,2021,44295 Trader joe's Goleta CA,424
4/9/2021 20:18,4/9/2021,Pear,,Food,1,3.49,0,Trader joe's,Goleta CA,,4,2021,44295 Trader joe's Goleta CA,425
4/9/2021 20:18,4/9/2021,Walnuts,Raw,Food,1,5.99,0,Trader joe's,Goleta CA,,4,2021,44295 Trader joe's Goleta CA,426
4/9/2021 20:24,2/23/2021,Diapers,,Hygiene,1,36.99,1,Costco,Goleta CA,Oliver,2,2021,44250 Costco Goleta CA,427
4/9/2021 20:29,2/23/2021,Formula,Enfamil,Food,1,42.99,1,Costco,Goleta CA,Oliver,2,2021,44250 Costco Goleta CA,428
4/9/2021 20:29,2/23/2021,Baking Soda,,Hygiene,1,6.99,1,Costco,Goleta CA,,2,2021,44250 Costco Goleta CA,429
4/9/2021 20:30,2/23/2021,Cereals,Special K,Food,1,7.99,1,Costco,Goleta CA,,2,2021,44250 Costco Goleta CA,430
4/9/2021 20:30,2/23/2021,Milk,Whole milk,Food,1,10.99,1,Costco,Goleta CA,,2,2021,44250 Costco Goleta CA,431
4/9/2021 20:31,2/23/2021,Peaches,,Food,1,10.49,1,Costco,Goleta CA,,2,2021,44250 Costco Goleta CA,432
4/9/2021 20:31,2/23/2021,Tomato sauce,Bertoli,Food,1,5.99,1,Costco,Goleta CA,,2,2021,44250 Costco Goleta CA,433
4/9/2021 20:32,2/23/2021,Pears,Anjou,Food,1,7.49,1,Costco,Goleta CA,,2,2021,44250 Costco Goleta CA,434
4/9/2021 20:32,2/23/2021,Cucumbers,Organic,Food,1,5.49,1,Costco,Goleta CA,,2,2021,44250 Costco Goleta CA,435
4/9/2021 20:32,2/23/2021,Chicken soup base,Knorr,Food,1,4.99,1,Costco,Goleta CA,,2,2021,44250 Costco Goleta CA,436
4/9/2021 20:33,2/23/2021,Mushrooms,Organic,Food,1,4.99,1,Costco,Goleta CA,,2,2021,44250 Costco Goleta CA,437
4/9/2021 20:33,2/23/2021,Pecans,,Food,1,10.99,1,Costco,Goleta CA,,2,2021,44250 Costco Goleta CA,438
4/9/2021 20:34,2/23/2021,Cranberries,,Food,1,4.99,1,Costco,Goleta CA,,2,2021,44250 Costco Goleta CA,439
4/9/2021 20:34,2/23/2021,Apples,Organic,Food,1,3.99,1,Costco,Goleta CA,,2,2021,44250 Costco Goleta CA,440
4/9/2021 20:37,2/23/2021,Salad,Spring Mix,Food,1,3.99,1,Costco,Goleta CA,,2,2021,44250 Costco Goleta CA,441
4/9/2021 20:37,2/23/2021,Brussel sprouts,,Food,1,4.49,1,Costco,Goleta CA,,2,2021,44250 Costco Goleta CA,442
4/9/2021 20:37,2/23/2021,Mangos,,Food,1,6.49,1,Costco,Goleta CA,,2,2021,44250 Costco Goleta CA,443
4/9/2021 20:38,2/23/2021,Lettuce,Sweet gem,Food,1,3.49,1,Costco,Goleta CA,,2,2021,44250 Costco Goleta CA,444
4/9/2021 20:38,2/23/2021,Spinach,,Food,1,6.99,1,Costco,Goleta CA,,2,2021,44250 Costco Goleta CA,445
4/9/2021 20:39,2/23/2021,Cheese,Feta crumbled,Food,1,7.49,1,Costco,Goleta CA,,2,2021,44250 Costco Goleta CA,446
4/9/2021 20:39,2/23/2021,Avocados,,Food,1,5.79,1,Costco,Goleta CA,,2,2021,44250 Costco Goleta CA,447
4/9/2021 20:39,2/23/2021,Bananas,Organic,Food,1,1.99,1,Costco,Goleta CA,,2,2021,44250 Costco Goleta CA,448
4/9/2021 20:40,2/23/2021,Beef,Organic ground,Food,1,19.99,1,Costco,Goleta CA,,2,2021,44250 Costco Goleta CA,449
4/9/2021 20:40,2/23/2021,Blueberries,Organic,Food,1,6.99,1,Costco,Goleta CA,,2,2021,44250 Costco Goleta CA,450
4/9/2021 20:41,2/23/2021,Cheese,Mozzarella,Food,1,7.99,1,Costco,Goleta CA,,2,2021,44250 Costco Goleta CA,451
4/9/2021 20:41,2/23/2021,Oranges,,Food,1,7.99,1,Costco,Goleta CA,,2,2021,44250 Costco Goleta CA,452
4/9/2021 20:41,2/23/2021,Clementines,,Food,1,6.49,1,Costco,Goleta CA,,2,2021,44250 Costco Goleta CA,453
4/9/2021 20:45,2/27/2021,Bell Peppers,Green,Food,1,1,1,Sprouts,Goleta CA,,2,2021,44254 Sprouts Goleta CA,454
4/9/2021 20:46,2/27/2021,Tomatoes,HotHouse,Food,1,3.52,1,Sprouts,Goleta CA,,2,2021,44254 Sprouts Goleta CA,455
4/9/2021 20:46,2/27/2021,Parsley,Organic,Food,1,0.99,1,Sprouts,Goleta CA,,2,2021,44254 Sprouts Goleta CA,456
4/9/2021 20:46,2/27/2021,Onions,Organic green,Food,1,0.69,1,Sprouts,Goleta CA,,2,2021,44254 Sprouts Goleta CA,457
4/9/2021 20:47,2/27/2021,Tea,Camomile,Food,1,2.49,1,Sprouts,Goleta CA,,2,2021,44254 Sprouts Goleta CA,458
4/9/2021 20:47,2/27/2021,Tea,Earl Grey,Food,1,3.59,1,Sprouts,Goleta CA,,2,2021,44254 Sprouts Goleta CA,459
4/9/2021 20:47,2/27/2021,Tea,Peppermint,Food,1,4.49,1,Sprouts,Goleta CA,,2,2021,44254 Sprouts Goleta CA,460
4/9/2021 20:48,2/27/2021,Pepper sauce,Tabasco,Food,1,4.99,1,Sprouts,Goleta CA,,2,2021,44254 Sprouts Goleta CA,461
4/9/2021 20:48,2/27/2021,Steel Cut Oats,,Food,1,6.49,1,Sprouts,Goleta CA,,2,2021,44254 Sprouts Goleta CA,462
4/9/2021 20:48,2/27/2021,Sour Cream,,Food,1,2.49,1,Sprouts,Goleta CA,,2,2021,44254 Sprouts Goleta CA,463
4/9/2021 20:49,2/27/2021,Lentils,Organic Split Red,Food,1,2.49,1,Sprouts,Goleta CA,,2,2021,44254 Sprouts Goleta CA,464
4/9/2021 20:49,2/27/2021,Lentils,Organic Green,Food,1,2.49,1,Sprouts,Goleta CA,,2,2021,44254 Sprouts Goleta CA,465
4/9/2021 20:50,2/27/2021,Rolled Oats,,Food,1,1.19,1,Sprouts,Goleta CA,,2,2021,44254 Sprouts Goleta CA,466
4/9/2021 20:50,2/27/2021,Cashews,Roasted No salted whole,Food,1,4.97,1,Sprouts,Goleta CA,,2,2021,44254 Sprouts Goleta CA,467
4/9/2021 20:51,2/27/2021,Steel Cut Oats,,Food,1,1.23,1,Sprouts,Goleta CA,,2,2021,44254 Sprouts Goleta CA,468
4/9/2021 20:51,2/27/2021,Chicken,,Food,1,20.01,1,Sprouts,Goleta CA,,2,2021,44254 Sprouts Goleta CA,469
4/9/2021 20:52,2/27/2021,Scallops,Peruvian,Food,1,7.99,1,Sprouts,Goleta CA,,2,2021,44254 Sprouts Goleta CA,470
4/9/2021 20:52,2/27/2021,Green peas,Organic,Food,1,2.29,1,Sprouts,Goleta CA,,2,2021,44254 Sprouts Goleta CA,471
4/9/2021 20:55,2/27/2021,SpaceBag,,Household,1,11.99,1,Bed bath and beyond,Goleta CA,,2,2021,44254 Bed bath and beyond Goleta CA,472
4/9/2021 20:55,2/27/2021,Sales Tax,,Tax,1,0.93,1,Bed bath and beyond,Goleta CA,,2,2021,44254 Bed bath and beyond Goleta CA,473
4/9/2021 20:57,2/25/2021,Clothes,,Clothes,1,15.97,1,Ross,Goleta CA,Oliver,2,2021,44252 Ross Goleta CA,474
4/9/2021 20:58,2/25/2021,Sales Tax,,Tax,1,1.24,1,Ross,Goleta CA,Oliver,2,2021,44252 Ross Goleta CA,475
4/9/2021 21:01,2/25/2021,Clothes,,Clothes,1,18.98,1,Target,Goleta CA,Oliver,2,2021,44252 Target Goleta CA,476
4/9/2021 21:02,2/25/2021,Card,,Gift,1,4.99,1,Target,Goleta CA,Eli,2,2021,44252 Target Goleta CA,477
4/9/2021 21:02,2/25/2021,Sales Tax,,Tax,1,1.86,1,Target,Goleta CA,,2,2021,44252 Target Goleta CA,478
4/9/2021 21:04,3/8/2021,Oil,Canola,Food,1,5.49,0,Ralphs,Goleta CA,,3,2021,44263 Ralphs Goleta CA,479
4/9/2021 21:05,3/8/2021,Eggs,Simple truth,Food,1,4.99,0,Ralphs,Goleta CA,,3,2021,44263 Ralphs Goleta CA,480
4/9/2021 21:06,3/7/2021,Sparkling water,San pellegrino,Food,1,13.49,0,Costco,Goleta CA,,3,2021,44262 Costco Goleta CA,481
4/9/2021 21:07,3/7/2021,Bottle Deposit,,Deposit,1,1.2,0,Costco,Goleta CA,,3,2021,44262 Costco Goleta CA,482
4/9/2021 21:07,3/7/2021,Vinegar,,Food,1,3.29,0,Costco,Goleta CA,,3,2021,44262 Costco Goleta CA,483
4/9/2021 21:07,3/7/2021,Milk,Whole milk,Food,1,10.99,0,Costco,Goleta CA,,3,2021,44262 Costco Goleta CA,484
4/9/2021 21:08,3/7/2021,Formula,Enfamil,Food,1,42.99,0,Costco,Goleta CA,Oliver,3,2021,44262 Costco Goleta CA,485
4/9/2021 21:08,3/7/2021,Plums,,Food,1,6.49,0,Costco,Goleta CA,,3,2021,44262 Costco Goleta CA,486
4/9/2021 21:08,3/7/2021,Potatoes,,Food,1,7.49,0,Costco,Goleta CA,,3,2021,44262 Costco Goleta CA,487
4/9/2021 21:09,3/7/2021,Bananas,Organic,Food,1,1.99,0,Costco,Goleta CA,,3,2021,44262 Costco Goleta CA,488
4/9/2021 21:10,3/7/2021,Cheese,Parmesan,Food,1,11.69,0,Costco,Goleta CA,,3,2021,44262 Costco Goleta CA,489
4/9/2021 21:10,3/7/2021,Strawberries,,Food,1,5.99,0,Costco,Goleta CA,,3,2021,44262 Costco Goleta CA,490
4/9/2021 21:11,3/7/2021,Heavy Cream,,Food,1,4.29,0,Costco,Goleta CA,,3,2021,44262 Costco Goleta CA,491
4/9/2021 21:11,3/7/2021,Cheese,Feta,Food,1,6.99,0,Costco,Goleta CA,,3,2021,44262 Costco Goleta CA,492
4/9/2021 21:11,3/7/2021,Cheese,Feta,Food,1,6.99,0,Costco,Goleta CA,,3,2021,44262 Costco Goleta CA,493
4/9/2021 21:11,3/7/2021,Sales Tax,,Tax,1,1.14,0,Costco,Goleta CA,,3,2021,44262 Costco Goleta CA,494
4/9/2021 21:14,2/28/2021,Hazelnut spread,Nutella,Food,1,8.99,0,Ralphs,Santa Barbara CA,,2,2021,44255 Ralphs Santa Barbara CA,495
4/9/2021 21:14,2/28/2021,Sour cherry spread,,Food,1,4.99,0,Ralphs,Santa Barbara CA,,2,2021,44255 Ralphs Santa Barbara CA,496
4/9/2021 21:15,2/28/2021,Cheese,Brie,Food,0,7.99,0,Ralphs,Santa Barbara CA,,2,2021,44255 Ralphs Santa Barbara CA,497
4/9/2021 21:20,3/2/2021,Coffee,Cappuccino,Going Out,1,5.5,0,Goat Tree,Santa Barbara CA,,3,2021,44257 Goat Tree Santa Barbara CA,498
4/9/2021 21:20,3/2/2021,Coffee,Latte,Going Out,1,5.5,0,Goat Tree,Santa Barbara CA,,3,2021,44257 Goat Tree Santa Barbara CA,499
4/9/2021 21:20,3/2/2021,Smoked Salmon Toast,,Going Out,1,16,0,Goat Tree,Santa Barbara CA,,3,2021,44257 Goat Tree Santa Barbara CA,500
4/9/2021 21:20,3/2/2021,Cheeseburger,,Going Out,1,18,0,Goat Tree,Santa Barbara CA,,3,2021,44257 Goat Tree Santa Barbara CA,501
4/9/2021 21:21,3/2/2021,Sales Tax,,Tax,1,3.94,0,Goat Tree,Santa Barbara CA,,3,2021,44257 Goat Tree Santa Barbara CA,502
4/9/2021 21:21,3/2/2021,Tips,,Going Out,1,11.06,0,Goat Tree,Santa Barbara CA,,3,2021,44257 Goat Tree Santa Barbara CA,503
4/10/2021 19:51,4/10/2021,Beef,Organic grass fed,Food,1,15.59,0,Whole foods,Santa Barbara CA,,4,2021,44296 Whole foods Santa Barbara CA,504
4/10/2021 19:51,4/10/2021,Butter,Soft,Food,1,4.49,0,Whole foods,Santa Barbara CA,,4,2021,44296 Whole foods Santa Barbara CA,505
4/10/2021 19:52,4/10/2021,Leeks,,Food,1,1.23,0,Whole foods,Santa Barbara CA,,4,2021,44296 Whole foods Santa Barbara CA,506
4/10/2021 19:53,4/10/2021,Bag,,Deposit,0,0.1,0,Whole foods,Santa Barbara CA,,4,2021,44296 Whole foods Santa Barbara CA,507
4/10/2021 19:59,4/10/2021,Beer,Stella Artois,Going Out,1,6,0,Giuseppe's Cucina,Pismo Beach CA,,4,2021,44296 Giuseppe's Cucina Pismo Beach CA,508
4/10/2021 20:00,4/10/2021,Coffee,Cappuccino,Going Out,1,3.75,0,Giuseppe's Cucina,Pismo Beach CA,,4,2021,44296 Giuseppe's Cucina Pismo Beach CA,509
4/10/2021 20:00,4/10/2021,Coffee,Cappuccino,Going Out,1,3.75,0,Giuseppe's Cucina,Pismo Beach CA,,4,2021,44296 Giuseppe's Cucina Pismo Beach CA,510
4/10/2021 20:00,4/10/2021,Pizza,California,Going Out,1,17,0,Giuseppe's Cucina,Pismo Beach CA,,4,2021,44296 Giuseppe's Cucina Pismo Beach CA,511
4/10/2021 20:01,4/10/2021,Pizza,Princippessa,Going Out,1,19,0,Giuseppe's Cucina,Pismo Beach CA,,4,2021,44296 Giuseppe's Cucina Pismo Beach CA,512
4/10/2021 20:01,4/10/2021,Sales Tax,,Tax,1,3.84,0,Giuseppe's Cucina,Pismo Beach CA,,4,2021,44296 Giuseppe's Cucina Pismo Beach CA,513
4/10/2021 20:02,4/10/2021,Tips,,Going Out,1,11.66,0,Giuseppe's Cucina,Pismo Beach CA,,4,2021,44296 Giuseppe's Cucina Pismo Beach CA,514
4/10/2021 21:30,3/6/2021,Pasta Farfalle,Barilla,Food,1,1.49,0,Smart and Final,Santa Barbara CA,,3,2021,44261 Smart and Final Santa Barbara CA,515
4/10/2021 21:30,3/6/2021,Pasta - Rotini,Barilla,Food,1,1.49,0,Smart and Final,Santa Barbara CA,,3,2021,44261 Smart and Final Santa Barbara CA,516
4/10/2021 21:31,3/6/2021,Pasta - Linguine,,Food,1,1.49,0,Smart and Final,Santa Barbara CA,,3,2021,44261 Smart and Final Santa Barbara CA,517
4/10/2021 21:31,3/6/2021,Pasta - Fettuccine,,Food,1,1.49,0,Smart and Final,Santa Barbara CA,,3,2021,44261 Smart and Final Santa Barbara CA,518
4/10/2021 21:32,3/6/2021,Tea,Mother's Milk,Food,1,4.99,0,Smart and Final,Santa Barbara CA,,3,2021,44261 Smart and Final Santa Barbara CA,519
4/10/2021 21:32,3/6/2021,Tea,Mother's Milk,Food,1,4.99,0,Smart and Final,Santa Barbara CA,,3,2021,44261 Smart and Final Santa Barbara CA,520
4/10/2021 21:32,3/6/2021,Tea,Yogi Calming,Food,1,4.49,0,Smart and Final,Santa Barbara CA,,3,2021,44261 Smart and Final Santa Barbara CA,521
4/10/2021 21:33,3/6/2021,Bag,,Deposit,0,0.1,0,Smart and Final,Santa Barbara CA,,3,2021,44261 Smart and Final Santa Barbara CA,522
4/10/2021 21:34,3/6/2021,Sales Tax,,Tax,1,1.27,0,Smart and Final,Santa Barbara CA,,3,2021,44261 Smart and Final Santa Barbara CA,523
4/10/2021 21:37,3/6/2021,Pickles,Bagel Polish Dill,Food,1,3.99,0,European Deli market,Santa Barbara CA,,3,2021,44261 European Deli market Santa Barbara CA,524
4/10/2021 21:37,3/6/2021,Ajvar,Old Village,Food,1,6.99,0,European Deli market,Santa Barbara CA,,3,2021,44261 European Deli market Santa Barbara CA,525
4/10/2021 21:38,3/6/2021,Pasteta,Argeta,Food,1,2.99,0,European Deli market,Santa Barbara CA,,3,2021,44261 European Deli market Santa Barbara CA,526
4/10/2021 21:38,3/6/2021,Pasteta,Argeta,Food,1,2.99,0,European Deli market,Santa Barbara CA,,3,2021,44261 European Deli market Santa Barbara CA,527
4/10/2021 21:38,3/6/2021,Pasteta,Argeta,Food,1,2.99,0,European Deli market,Santa Barbara CA,,3,2021,44261 European Deli market Santa Barbara CA,528
4/10/2021 21:38,3/6/2021,Kvas,Gubernija,Food,0,2.29,0,European Deli market,Santa Barbara CA,,3,2021,44261 European Deli market Santa Barbara CA,529
4/10/2021 21:39,3/6/2021,Biscuits,Ulker,Food,1,4.99,0,European Deli market,Santa Barbara CA,,3,2021,44261 European Deli market Santa Barbara CA,530
4/10/2021 21:39,3/6/2021,Apples,,Food,1,6.23,0,European Deli market,Santa Barbara CA,,3,2021,44261 European Deli market Santa Barbara CA,531
4/10/2021 21:39,3/6/2021,Bag,,Deposit,0,0.1,0,European Deli market,Santa Barbara CA,,3,2021,44261 European Deli market Santa Barbara CA,532
4/10/2021 21:42,3/1/2021,Oat milk,Dream,Food,1,1.99,0,Grocery outlet,Santa Barbara CA,,3,2021,44256 Grocery outlet Santa Barbara CA,533
4/10/2021 21:42,3/1/2021,Garbanzo beans,,Food,1,0.99,0,Grocery outlet,Santa Barbara CA,,3,2021,44256 Grocery outlet Santa Barbara CA,534
4/10/2021 21:42,3/1/2021,Steel Cut Oats,,Food,1,3.99,0,Grocery outlet,Santa Barbara CA,,3,2021,44256 Grocery outlet Santa Barbara CA,535
4/10/2021 21:42,3/1/2021,Tomato sauce,,Food,1,1,0,Grocery outlet,Santa Barbara CA,,3,2021,44256 Grocery outlet Santa Barbara CA,536
4/10/2021 21:43,3/1/2021,Tomatoes,,Food,1,2.98,0,Grocery outlet,Santa Barbara CA,,3,2021,44256 Grocery outlet Santa Barbara CA,537
4/10/2021 21:44,3/1/2021,Onions,Yellow,Food,1,0.47,0,Grocery outlet,Santa Barbara CA,,3,2021,44256 Grocery outlet Santa Barbara CA,538
4/10/2021 21:45,3/1/2021,Apples,,Food,1,2.99,0,Grocery outlet,Santa Barbara CA,,3,2021,44256 Grocery outlet Santa Barbara CA,539
4/10/2021 21:46,3/1/2021,Deodorant,Dove,Hygiene,1,3.99,0,Grocery outlet,Santa Barbara CA,Tati,3,2021,44256 Grocery outlet Santa Barbara CA,540
4/10/2021 21:46,3/1/2021,Deodorant,Degree,Hygiene,1,3.99,0,Grocery outlet,Santa Barbara CA,Tati,3,2021,44256 Grocery outlet Santa Barbara CA,541
4/10/2021 21:47,3/1/2021,Body Lotion,Hempz,Hygiene,1,10.99,0,Grocery outlet,Santa Barbara CA,Tati,3,2021,44256 Grocery outlet Santa Barbara CA,542
4/10/2021 21:47,3/1/2021,Cough Drops,Halls,Food,1,2.68,0,Grocery outlet,Santa Barbara CA,Tati,3,2021,44256 Grocery outlet Santa Barbara CA,543
4/10/2021 21:48,3/1/2021,Acetone,,Beauty,1,2.49,0,Grocery outlet,Santa Barbara CA,,3,2021,44256 Grocery outlet Santa Barbara CA,544
4/10/2021 21:48,3/1/2021,Eggs,Organic,Food,1,3.99,0,Grocery outlet,Santa Barbara CA,,3,2021,44256 Grocery outlet Santa Barbara CA,545
4/10/2021 21:49,3/1/2021,Heavy Cream,,Food,1,1.49,0,Grocery outlet,Santa Barbara CA,,3,2021,44256 Grocery outlet Santa Barbara CA,546
4/10/2021 21:49,3/1/2021,Cheese,Mascarpone,Food,1,1.9,0,Grocery outlet,Santa Barbara CA,,3,2021,44256 Grocery outlet Santa Barbara CA,547
4/10/2021 21:50,3/1/2021,Cream cheese,Philly,Food,1,1.99,0,Grocery outlet,Santa Barbara CA,,3,2021,44256 Grocery outlet Santa Barbara CA,548
4/10/2021 21:50,3/1/2021,Cream cheese,Philly,Food,1,1.99,0,Grocery outlet,Santa Barbara CA,,3,2021,44256 Grocery outlet Santa Barbara CA,549
4/10/2021 21:50,3/1/2021,Sales Tax,,Tax,1,2.11,0,Grocery outlet,Santa Barbara CA,,3,2021,44256 Grocery outlet Santa Barbara CA,550
4/10/2021 21:57,3/11/2021,After Shave,Nivea,Hygiene,1,5.09,0,CVS,Goleta CA,Ace,3,2021,44266 CVS Goleta CA,551
4/10/2021 21:57,3/11/2021,Sales Tax,,Tax,1,0.39,0,CVS,Goleta CA,Ace,3,2021,44266 CVS Goleta CA,552
